Network,Title ,Genre,"Shows/Films with Latino Lead and/or co-lead 
Actors/Actresses 0=no 1=yes",Names of Latino Lead Actors/Actresses,"Latino ""Showrunner/Lead Writer""? no= 0 yes=1",Names of Latino lead writers/show runners ,Latino Directors? 0= no or 1,Names of Latino Directors ,
A&E,**Hero Ink,Alternative,0.00,,0.00,,0.00,,
A&E,Ghost Hunters Season 12 (Revival) ,Alternative,0.00,,0.00,,0.00,,
A&E,Psychic Kids Season 4 ,Alternative,0.00,,0.00,,0.00,,
A&E,60 Days In,Alternative,0.00,,0.00,,n/a,,
A&E,Addiction Unplugged,Alternative,0.00,,0.00,,0.00,,
A&E,Intervention,Alternative,0.00,,0.00,,0.00,,
,,A&E,0%,,0%,,0%,,
,,,,,,,,,
ABC,Bachelor in Paradise,Alternative,0.00,,0.00,,0.00,,
ABC,Card Sharks,Alternative,0.00,,0.00,,0.00,,
ABC,Celebrity Family Feud,Alternative,0.00,,0.00,,0.00,,
ABC,Family Food Fight,Alternative,0.00,,0.00,,0.00,,
ABC,Family Food Fights,Alternative,0.00,,0.00,,0.00,,
ABC,Grand Hotel,Drama,1.00,"Demián Bichir, Roselyn Sanchez",0.00,,1.00,Eva Longoria,
ABC,Holey Moley,Alternative,0.00,,0.00,,0.00,,
ABC,Marvel's Agents of S.H.I.E.L.D.,Drama,0.00,,0.00,,0.00,,
ABC,Match Game,Alternative,0.00,,0.00,,0.00,,
ABC,Press Your Luck,Alternative,0.00,,0.00,,0.00,,
ABC,Reef Break,Drama,0.00,,0.00,,0.00,,
ABC,"The $100,000 Pyramid",Alternative,0.00,,0.00,,0.00,,
ABC,The Bachelorette,Alternative,0.00,,0.00,,0.00,,
ABC,To Tell the Truth,Alternative,0.00,,0.00,,0.00,,
ABC,What Would You Do?,Alternative,1.00,"John Quiñones (San Antonio, TX)",0.00,,0.00,,
,,,,,,,,,
,,,,,,,,,
Amazon,**Good Omens,Comedy,0.00,,0.00,,0.00,,
Amazon,**The Boys,Drama,0.00,,0.00,,0.00,,
Amazon,**Too Old to Die Young,Drama,1.00,Augusto Aguilera,0.00,,0.00,,
Amazon,**Carnival Row,Drama,0.00,,0.00,,0.00,,
Amazon,**All or Nothing: The Carolina Panthers,Docu-series,0.00,,0.00,,0.00,,
Amazon,**This Is Football ,Docu-series,0.00,,0.00,,0.00,,
Amazon,Free Meek,Docu-series,0.00,,0.00,,0.00,,
Amazon,Fleabag,Drama,0.00,,0.00,,0.00,,
Amazon,Sneaky Pete,Drama,0.00,,0.00,,0.00,,
Amazon,Absentia,Drama,0.00,,0.00,,0.00,,
,,Amazon,1/8= 12.5%,,0%,,0%,,
,,,,,,,,,
AMC,NOS4A2,Drama,0.00,,0.00,,0.00,,
AMC,Lodge 49,Comedy,0.00,,0.00,,0.00,,
AMC,Preacher,Drama,0.00,,0.00,,0.00,,
AMC,The Terror: Infamy,Drama,0.00,,0.00,,0.00,,
AMC,Fear The Walking Dead,Drama,1.00,Danay Garcia,0.00,,0.00,,
AMC,Talking Dead ,Alternative,0.00,,0.00,,0.00,,
AMC,The Son ,Drama,1.00,Paola Nuñez,0.00,,0.00,,
,,,,,,,,,
,,,,,,,,,
Bravo,**Flippin’ Exes,Alternative,0.00,,0.00,,0.00,,
Bravo,Southern Charm New Orleans ,Alternative,0.00,,0.00,,0.00,,
Bravo,Below Deck Mediterranean,Alternative,0.00,,0.00,,0.00,,
Bravo,The Real Housewives of Orange County,Alternative,0.00,,0.00,,0.00,,
Bravo,The Real Housewives of Potomac Season 5  ,Alternative,0.00,,0.00,,0.00,,
BRAVO,Best Room Wins,Alternative,0.00,,0.00,,0.00,,
Bravo ,Million Dollar Listing: New York Season 8 ,Alternative,0.00,,0.00,,0.00,,
,,Bravo,,,0%,,0%,,
,,,,,,,,,
CBS,Big Brother,Alternative,0.00,,0.00,,0.00,,
CBS,Blood & Treasure,Drama,1.00,Sofia Pernas,0.00,,0.00,,
CBS,Elementary,Drama,0.00,,0.00,,0.00,,
CBS,Instinct,Drama,0.00,,0.00,,0.00,,
CBS,Love Island,Alternative,0.00,,0.00,,0.00,,
CBS,Strange Angel,Drama,0.00,,0.00,,0.00,,
CBS,The Amazing Race,Drama,0.00,,0.00,,0.00,,
,WHISTLEBLOWER,Docu-series,1.00,Alex Ferrer (Cuba),1.00,Alex Ferrer (Cuba),n/a,,
CBS,The Good Fight,Drama,0.00,,0.00,,0.00,,
,,CBS,,,0%,,0%,,
,,,,,,,,,
Comedy Central,Alternatino with Arturo Castro,Comedy,1.00,Arturo Castro,0.00,,0.00,,
Comedy Central,Kevin Hart Presents: Hart of the City,Alternative,0.00,,0.00,,0.00,,
Comedy Central,Lights Out with Daivd Spade,Comedy,0.00,,0.00,,0.00,,
Comedy Central,This Week At the Comedy Cellar,Comedy,0.00,,0.00,,0.00,,
Comedy Central,Drunk History,Alternative,0.00,,0.00,,0.00,,
Comedy Central,Klepper,Comedy,0.00,,0.00,,0.00,,
Comedy Central,South Side,Comedy,0.00,,0.00,,0.00,,
,,Comedy Central,,,0%,,0%,,
,,,,,,,,,
CW,**Hypnotize Me,Alternative,0.00,,0.00,,0.00,,
CW,**The Big Stage,Alternative,0.00,,0.00,,0.00,,
CW,**Pandora,Drama,1.00,Priscilla Quintana (7),0.00,,0.00,,
CW,**Mysteries Decoded,Docu-series,0.00,,0.00,,0.00,,
CW,iZombie,Comedy,0.00,,0.00,,0.00,,
CW,Whose Line Is It Anyway?,Alternative,0.00,,0.00,,0.00,,
CW,Penn & Teller: Fool Us,Alternative,0.00,,0.00,,0.00,,
CW,I Ship It,Alternative,0.00,,0.00,,0.00,,
CW,The 100,Drama,1.00,Lindsey Morgan,0.00,,0.00,,
CW,Bulletproof,Drama,0.00,,0.00,,0.00,,
CW,The Outpost,Drama,0.00,,0.00,,0.00,,
CW,Two Sentence Horror Stories,Drama,0.00,,0.00,,0.00,,
CW,Burden of Truth,Drama,0.00,,0.00,,0.00,,
CW,The Masters of Illusion,Alternative,0.00,,0.00,,0.00,,
CW,My Last Days Season 3 ,Alternative,0.00,,0.00,,0.00,,
,,CW,2/15= 13.3%,,0%,,0%,,
,,,,,,,,,
DISCOVERY CHANNEL,Aaron Needs a Job,Alternative,0.00,,0.00,,n/a,,
DISCOVERY CHANNEL,Contact,Docu-series,0.00,,0.00,,n/a,,
DISCOVERY CHANNEL,Dirty Mudder Truckers,Alternative,0.00,,0.00,,n/a,,
DISCOVERY CHANNEL,Expedition Unknown,Alternative,0.00,,0.00,,n/a,,
DISCOVERY CHANNEL,Fast N' Loud,Alternative,0.00,,0.00,,n/a,,
DISCOVERY CHANNEL,Masters of Disaster,Alternative,0.00,,0.00,,n/a,,
DISCOVERY CHANNEL,JEREMY WADE'S DARK WATERS,Alternative,0.00,,0.00,,n/a,,
DISCOVERY CHANNEL,Raising Wild,Alternative,0.00,,0.00,,n/a,,
DISCOVERY CHANNEL,Shark Week,Docu-series,0.00,,0.00,,n/a,,
DISCOVERY CHANNEL,Undercover Billionaire ,Alternative,0.00,,0.00,,n/a,,
Discovery,Truth Behind the Moon Landing,Docu-series,0.00,,0.00,,n/a,,
Discovery,Serengeti,Docu-series,0.00,,0.00,,n/a,,
Discovery,Guardians of the Glades,Alternative,0.00,,0.00,,n/a,,
Discovery,Savage Builds,Alternative,0.00,,0.00,,n/a,,
Discovery,Home Sweet Sextuplets,Alternative,0.00,,0.00,,n/a,,
Discovery,BattleBots,Alternative,0.00,,0.00,,n/a,,
Discovery,Homestead Rescue,Alternative,0.00,,0.00,,n/a,,
Discovery,Alaskan Bush People,Alternative,0.00,,0.00,,n/a,,
,,Discovery,0%,,0%,,0%,,
,,,,,,,,,
Disney,Amphibia,Kids,0.00,,0.00,,0.00,,
Disney,Andi Mack,Kids,0.00,,0.00,,0.00,,
Disney,Bunk’d,Kids,0.00,,0.00,,0.00,,
Disney,Just Roll with It,Kids,0.00,,0.00,,0.00,,
Disney,Raven's Home,Kids,0.00,,0.00,,0.00,,
Disney,Sydney to the Max,Kids,1.00,Ruth Righi (U.S.),0.00,,0.00,,
,,Disney,,,,,0%,,
,,,,,,,,,
E!,**Flip It Like Disick,Alternative,0.00,,0.00,,0.00,,
E!,**Relatively Nat & Live,Alternative,0.00,,0.00,,0.00,,
E!,**Dating #NoFilter,Alternative,0.00,,0.00,,0.00,,
E!,Revenge Body with Khloé Kardashian Season 3 ,Alternative,0.00,,0.00,,0.00,,
E!,Dating #NoFilter Season 2 ,Alternative,0.00,,0.00,,0.00,,
,,E!,0%,,0%,,0%,,
,,,,,,,,,
Food Network,BBQ BRAWL ,Alternative ,0.00,,0.00,,n/a,,
Food Network,Best Baker in America,Alternative ,1.00,Marcela Valladolid (U.S.),0.00,,n/a,,
Food Network,Bite Club,Alternative ,0.00,,0.00,,n/a,,
Food Network,Chopped Junior Season 8,Alternative ,0.00,,0.00,,n/a,,
Food Network,CUPCAKE CHAMPIONSHIP ,Alternative ,0.00,,0.00,,n/a,,
Food Network,Delicious Miss Brown,Alternative ,0.00,,0.00,,n/a,,
Food Network,"DINERS, DRIVE-INS & DIVES",Alternative ,0.00,,0.00,,n/a,,
Food Network,Family Restaurant Rivals,Alternative ,0.00,,0.00,,n/a,,
Food Network,Good Eats Season 15 (Revival),Alternative ,0.00,,0.00,,n/a,,
Food Network,Kids Baking Championship Season 7,Alternative ,0.00,,0.00,,n/a,,
Food Network,Restaurant: Impossible Season 15,Alternative ,0.00,,0.00,,n/a,,
Food Network,Supermarket Stakeout,Alternative ,0.00,,0.00,,n/a,,
Food Network,THE FLAY LIST,Alternative ,0.00,,0.00,,n/a,,
Food Network,The Great Food Truck Race,Alternative ,0.00,,0.00,,n/a,,
Food Network,Wedding Cake Championship,Alternative ,0.00,,0.00,,n/a,,
Food Network,Worst Bakers in America Season 2 ,Alternative ,0.00,,0.00,,n/a,,
Food Network,Worst Cooks in America,Alternative ,0.00,,0.00,,n/a,,
,,Food Network,,,0%,,0%,,
,,,,,,,,,
Fox,Beat Shazam,Alternative,0.00,,0.00,,0.00,,
FOX,BH90210,Drama,0.00,,0.00,,0.00,,
FOX,First Responders Live,Docu-series,0.00,,0.00,,0.00,,
FOX,MasterChef,Alternative,1.00,Aarón Sánchez (U.S.),0.00,,0.00,,
FOX,Paradise Hotel,Alternative,0.00,,0.00,,0.00,,
FOX,So You Think You Can Dance,Alternative,0.00,,0.00,,0.00,,
FOX,Spin the Wheel,Alternative,0.00,,0.00,,0.00,,
FOX,What Just Happened??! With Fred Savage,Alternative,0.00,,0.00,,0.00,,
,,FOX,,,0%,,0%,,
,,,,,,,,,
Freeform,Ms. T's Music Factory ,Alternative ,0.00,,0.00,,0.00,,
Freeform,Grown-Ish,Comedy,1.00,Francia Raisa (U.S.),0.00,,1.00,Linda Mendoza,
Freeform,Good Trouble,Comedy,1.00,Cierra Ramirez (U.S.),0.00,,0.00,,
Freeform,Siren,Drama,0.00,,0.00,,1.00,Joe Menendez ,
,,Freeform,2/4= 50%,,0%,,2/4= 50%,,
,,,,,,,,,
FX,Archer: 1999,Comedy,0.00,,0.00,,0.00,,
FX,Baskets,Comedy,0.00,,0.00,,0.00,,
FX,Legion,Drama,1.00,Daniella Pineda,0.00,,1.00,"Dana Gonzales, Carlos López Estrada",
FX,Pose,Drama,1.00,Mj Rodriguez (U.S.),1.00,"Steven Canals
(U.S.)",0.00,,
FX,Snowfall Season 3,Drama,0.00,,0.00,,1.00,"Alonso Alvarez (Mexico), Zetna Fuentes (Bronx + Puerto Rico)",
,,FX,2/5= 40%,,,,2/5= 40%,,
,,,,,,,,,
Hallmark,The Good Witch Season 5 ,Comedy,0.00,,0.00,,0.00,,
Hallmark,WHEN CALLS THE HEART,Drama,0.00,,0.00,,0.00,,
Hallmark,Chesapeake Shores ,Drama,0.00,,0.00,,0.00,,
,,Hallmark,0%,,0%,,0%,,
,,,,,,,,,
HBO,Big Little Lies,Drama,0.00,,0.00,,0.00,,
HBO,Divorce Season 3 ,Drama,0.00,,0.00,,0.00,,
HBO,Euphoria,Drama,1.00,Alexa Demie,0.00,,0.00,,
HBO,Hard Knocks: Training Camp with the Oakland Raiders (Season 14),Alternative,0.00,,0.00,,0.00,,
HBO,Los Espookys,Comedy,1.00,"Ana Fabrega, Cassandra Ciangherotti, Julio Torres, Bernardo Velascoa,",1.00,"Julio Torres, Ana Fabrega ",1.00,Fernando Frias,
HBO,A Black Lady Sketch Show,Alternative,0.00,,0.00,,0.00,,
HBO,Ballers,Comedy,0.00,,0.00,,0.00,,
HBO,Chernobyl,Drama,0.00,,0.00,,0.00,,
HBO,OUR BOYS ,drama,0.00,,0.00,,0.00,,
HBO,Succession,Drama,0.00,,0.00,,0.00,,
HBO,The Righteous Gemstones,Comedy,0.00,,0.00,,0.00,,
,,HBO,,,,,,,
,,,,,,,,,
HGTV,Beach front Bargain Hunt,Alternative,0.00,,0.00,,n/a,,
HGTV,Beach Hunters,Alternative,0.00,,0.00,,n/a,,
HGTV,Caribbean Life,Alternative,0.00,,0.00,,n/a,,
HGTV,Christina on the Coast,Alternative,0.00,,0.00,,n/a,,
HGTV,Flip or Flop Season 8,Alternative,0.00,,0.00,,n/a,,
HGTV,Going for Sold,Alternative,0.00,,0.00,,n/a,,
HGTV,Good Bones,Alternative,0.00,,0.00,,n/a,,
HGTV,Hawaii Hunters,Alternative,0.00,,0.00,,n/a,,
HGTV,Hidden Potential Season 2,Alternative,0.00,,0.00,,n/a,,
HGTV,Island Hunters,Alternative,0.00,,0.00,,n/a,,
HGTV,Mexico Life,Alternative,0.00,,0.00,,n/a,,
HGTV,Mountain Mamas,Alternative,0.00,,0.00,,n/a,,
HGTV,My House Is Your House,Alternative,0.00,,0.00,,n/a,,
HGTV,Pool Hunters,Alternative,n/a,,n/a,,n/a,,
HGTV,PROPERTY BROTHERS: FOREVER HOME,Alternative,0.00,,0.00,,n/a,,
HGTV,Stay or Sell,Alternative,0.00,,0.00,,n/a,,
HGTV,Supersize My Pool,Alternative,1.00,Mario Lopez,0.00,,n/a,,
 HGTV,UNSPOUSE MY HOUSE ,Alternative,0.00,,0.00,,n/a,,
,, HGTV,,,0%,,n/a,,
,,,,,,,,,
History,**Unidentified: Inside America's UFO Investigation,Docu-series,0.00,,0.00,,n/a,,
History,**The Strongest Man in History,Alternative,0.00,,0.00,,n/a,,
History,Ancient Aliens Season 14 ,Docu-series,0.00,,0.00,,n/a,,
History,AX Men,Alternative,0.00,,0.00,,n/a,,
History,Forged in Fire: Knife or Death,Alternative,0.00,,0.00,,n/a,,
History,The Unxplained,Alternative,0.00,,0.00,,n/a,,
History,American Pickers,Alternative,0.00,,0.00,,n/a,,
History,Alone Season 6,Alternative,0.00,,0.00,,n/a,,
History,Mountain Men,Alternative,0.00,,0.00,,n/a,,
,,History,0%,,0%,,n/a,,
,,,,,,,,,
Hulu,**Catch-22,Drama,0.00,,0.00,,0.00,,
Hulu,**Into the Dark: Culture Shock,Drama,0.00,,0.00,,1.00,Gigi Saul Guerrero,
Hulu,Veronica Mars,Drama,0.00,,0.00,,1.00,Joaquin Sedillo,
Hulu,Harlots,Drama,0.00,,0.00,,0.00,,
Hulu,The Handmaid's Tale,Drama,1.00,Alexis Bledel,0.00,,0.00,,
Hulu,Light as a Feather ,Drama,0.00,,0.00,,0.00,,
Hulu,**The Bravest Knight,Kids,0.00,,0.00,,0.00,,
Hulu ,**Four Weddings and a Funeral,Comedy,0.00,,0.00,,0.00,,
,,Hulu ,,,,,,,
,,,,,,,,,
INVESTIGATION DISCOVERY,American Murder Mystery Season 14 - ,Docu-series,0.00,,0.00,,n/a,,
INVESTIGATION DISCOVERY,Breaking Homicide Season 2 ,Drama,0.00,,0.00,,n/a,,
INVESTIGATION DISCOVERY,Dark Waters: Murder in the Deep,Alternative,0.00,,0.00,,n/a,,
INVESTIGATION DISCOVERY,Death in the Bayou: The Jennings 8,Drama,0.00,,0.00,,n/a,,
INVESTIGATION DISCOVERY,Diabolical Season 2 ,Drama,0.00,,0.00,,n/a,,
INVESTIGATION DISCOVERY,Extreme Measures Season 2 ,Alternative,0.00,,0.00,,n/a,,
INVESTIGATION DISCOVERY,Fear Thy Neighbor Season 6,Drama,0.00,,0.00,,n/a,,
INVESTIGATION DISCOVERY,Forbidden: Dying for Love Season 4,Drama,0.00,,0.00,,n/a,,
INVESTIGATION DISCOVERY,Homicide Hunter: Lt. Joe Kenda,Docu-series,0.00,,0.00,,n/a,,
INVESTIGATION DISCOVERY,Impact of Murder,Drama,0.00,,0.00,,n/a,,
INVESTIGATION DISCOVERY,Lone Star Justice,Docu-series,0.00,,0.00,,n/a,,
Investigation Discovery,LONE STAR JUSTICE ,Docu-series,0.00,,0.00,,n/a,,
Investigation Discovery,MIND OF A MONSTER,Docu-series,0.00,,0.00,,n/a,,
Investigation Discovery,Murder Chose Me,Drama,0.00,,0.00,,n/a,,
Investigation Discovery,MURDER LOVES COMPANY,Drama,0.00,,0.00,,n/a,,
Investigation Discovery,People Magazine Investigates: Cults,Drama,0.00,,0.00,,n/a,,
Investigation Discovery,Serial Killer: Devil Unchained,Drama,0.00,,0.00,,n/a,,
Investigation Discovery,Still a Mystery,Drama,0.00,,0.00,,n/a,,
Investigation Discovery,The Case that Haunts Me,Drama,0.00,,0.00,,n/a,,
Investigation Discovery,The Killer Beside Me Season 2,Alternative,0.00,,0.00,,n/a,,
Investigation Discovery,The Murder Tapes,Drama,0.00,,0.00,,n/a,,
Investigation Discovery,The Shadows of Death,Drama,0.00,,0.00,,n/a,,
Investigation Discovery,The Wonderland Murders,Alternative,0.00,,0.00,,n/a,,
Investigation Discovery,Til Death Do Us Part ,Drama,0.00,,0.00,,n/a,,
Investigation Discovery,Twisted Sisters,Drama,0.00,,0.00,,n/a,,
,,Investigation Discovery,0%,,0%,,n/a,,
,,,,,,,,,
Lifetime,**American Princess,Drama,0.00,,0.00,,0.00,,
LIFETIME,Dance Moms,Alternative,0.00,,0.00,,0.00,,
LIFETIME,Little Women: LA,Alternative,0.00,,0.00,,n/a,,
LIFETIME,MS. T's Music Factory,Alternative,0.00,,0.00,,n/a,,
Lifetime,Cheerleader Generation ,Alternative,0.00,,0.00,,0.00,,
Lifetime,Married at First Sight ,Alternative,0.00,,0.00,,0.00,,
Lifetime,MARRYING MILLIONS ,Alternative,0.00,,0.00,,0.00,,
,,Lifetime,0%,,0%,,0%,,
,,,,,,,,,
MTV,**The Hills: New Beginnings,Alternative,0.00,,0.00,,0.00,,
MTV,The Challenge Season 33 ,Alternative,0.00,,0.00,,0.00,,
MTV,Jersey Shore Family Vacation Season 3 ,Alternative,0.00,,0.00,,0.00,,
MTV,How Far Is Tattoo Far? Season 2,Alternative,0.00,,0.00,,0.00,,
MTV,Catfish: The TV Show Season 8,Alternative,0.00,,0.00,,0.00,,
MTV,Are You the One? Season 8,Alternative,0.00,,0.00,,0.00,,
,,MTV,0%,,0%,,0%,,
,,,,,,,,,
Nat Geo,**The Hot Zone,Drama,0.00,,0.00,,n/a,,
National Geographic,**Out There with Jack Randall ,Docu-series,0.00,,0.00,,0.00,,
National Geographic, GORDON RAMSAY: UNCHARTED,Alternative,0.00,,0.00,,0.00,,
NATIONAL GEOGRAPHIC,Drain the Oceans,Docu-series,0.00,,0.00,,0.00,,
NATIONAL GEOGRAPHIC ,Hitler's Last Stand,Docu-series,0.00,,0.00,,0.00,,
NATIONAL GEOGRAPHIC,Yellowstone Live,Docu-series,0.00,,0.00,,0.00,,
,,National Geographic,0%,,0%,,0%,,
,,,,,,,,,
NBC,**Bring the Funny,Comedy,0.00,,0.00,,0.00,,
NBC,**The InBetween,Drama,0.00,,0.00,,1.00,Eduardo Sanchez,
NBC,Hollywood Game Night,Alternative,0.00,,0.00,,0.00,,
NBC,**Songland,Alternative,0.00,,0.00,,0.00,,
NBC,America's Got Talent,Alternative,0.00,,0.00,,0.00,,
NBC,The Wall,Alternative,0.00,,0.00,,0.00,,
NBC,American Ninja Warrior,Alternative,0.00,,0.00,,0.00,,
,,,,,,,1.00,,
,,NBC,0%,,0%,,1/7= 14.3%,,
Netflix,Malibu Rescue,Comedy,1.00,Ricardo Hurtado,0.00,,0.00,,
Netflix,**Mr. Iglesias,Comedy,1.00,Gabriel Iglesias,0.00,,1.00,Gloria Calderon Kellett,
Netflix,It's Bruno!,Comedy,1.00,Shakira Barrera,0.00,,0.00,,
Netflix,Tiffany Hadish Presents: They Ready,Comedy,0.00,,0.00,,0.00,,
Netflix,**When They See Us,Drama,0.00,,0.00,,0.00,,
Netflix,Tales of the City,Drama,0.00,,0.00,,1.00,"Kyle Patrick Alvarez ,Patricia Cardoso",
Netflix,**The Society,Drama,0.00,,0.00,,0.00,,
Netflix,Cannon Busters,Drama,0.00,,0.00,,0.00,,
Netflix,Another Life,Drama,0.00,,0.00,,0.00,,
Netflix,**What/If,Drama,1.00,Juan Castano ,0.00,,1.00,David Rodriguez ,
Netflix,The Family,Docu-series,0.00,,0.00,,0.00,,
Netflix,Diagnosis,Docu-series,0.00,,0.00,,0.00,,
Netflix,Hyperdrive,Docu-series,0.00,,0.00,,0.00,,
Netflix,Awake: The Million Dollar Game,Alternative,0.00,,0.00,,0.00,,
Netflix,Styling Hollywood,Alternative,0.00,,0.00,,0.00,,
Netflix,She's Gotta Have It,Comedy,1.00,Anthony Ramos ,0.00,,0.00,,
Netflix,Easy,Comedy,0.00,,0.00,,0.00,,
Netflix,Orange is the New Black,Comedy,0.00,,0.00,,0.00,,
Netflix,Dear White People,Comedy,0.00,,0.00,,0.00,,
Netflix,GLOW,Comedy,0.00,,0.00,,0.00,,
Netflix,Patriot Act with Hasan Minhaj,Comedy,0.00,,0.00,,0.00,,
Netflix,Marvel’s Jessica Jones,Drama,0.00,,0.00,,0.00,,
Netflix,Designated Survivor,Drama,1.00,Adan Canto,0.00,,0.00,,
Netflix,Lucifer,Drama,1.00,Kevin Alejandro,0.00,,0.00,,
Netflix,Dark,Drama,0.00,,0.00,,0.00,,
Netflix,Mindhunter,Drama,0.00,,0.00,,0.00,,
Netflix,Stranger Things,Drama,0.00,,0.00,,0.00,,
Netflix,13 Reasons Why ,Drama,1.00,Christian Navarro,0.00,,0.00,,
Netflix,Black Mirror,Drama,0.00,,0.00,,0.00,,
Netflix,"The Confession Tapes, season 2",Docu-series,0.00,,0.00,,0.00,,
Netflix,"Dope, Season 3",Docu-series,0.00,,0.00,,0.00,,
Netflix,Beyond the Lights Season 3,Docu-series,0.00,,0.00,,0.00,,
Netflix,Last Chance U,Docu-series,0.00,,0.00,,0.00,,
Netflix,"Droppin' Cash, Season 2",Alternative,0.00,,0.00,,0.00,,
Netflix,Queer Eye,Alternative,0.00,,0.00,,0.00,,
Netflix,My Next Guest Needs No Introduction with David Letterman,Alternative,0.00,,0.00,,0.00,,
Netflix,Nailed it! Season 3,Alternative,0.00,,0.00,,0.00,,
Netflix,"Girls Incarcerated, Season 2",Alternative,0.00,,0.00,,0.00,,
Netflix,3 Below: Tales of Arcadia,Kids,1.00,Diego Luna,1.00,Guillermo Del Toro,1.00,"Francisco Ruiz-Velasco, Rodrigo Blaas",
Netflix,Exhibt A ,Docu-series,0.00,,0.00,,n/a,,
Netflix,Family Reunion,Comedy,0.00,,0.00,,0.00,,
Netflix,Harvey Girls Forever!,Kids,0.00,,0.00,,0.00,,
Netflix,Jailbirds,Docu-series,0.00,,0.00,,n/a,,
Netflix,No Good Nick,Comedy ,0.00,,0.00,,0.00,,
Netflix,Pinky Malinky,Kids,0.00,,0.00,,0.00,,
Netflix,Prince of Peoria,Kids,0.00,,0.00,,0.00,,
Netflix,The Epic Tales of Captain Underpants,Kids,0.00,,0.00,,1.00,Octavio E. Rodriguez,
Netflix,True and the Rainbow Kingdom,Kids,0.00,,0.00,,0.00,,
Netflix,Tuca & Bertie,Comedy,0.00,,0.00,,0.00,,
Netflix,"She-Ra and the Princess of Powe, Season 3",Kids,1.00,Aimee Carrero,0.00,,0.00,,
Netflix,Ask the StoryBots Season 3:,Kids,0.00,,0.00,,0.00,,
Netflix,Trolls: The Beat Goes On! ,Kids,0.00,,0.00,,0.00,,
Netflix,"Motown Magic, Season 2",Kids,0.00,,0.00,,0.00,,
Netflix ,**Historical Roasts,Comedy,0.00,,0.00,,0.00,,
Netflix ,**Wu Assassins,Drama,0.00,,0.00,,0.00,,
Netflix ,**Trinkets,Drama,0.00,,0.00,,0.00,,
Netflix ,**The Chef Show,Docu-series,0.00,,0.00,,0.00,,
Netflix ,**Basketball or Nothing ,Docu-series,0.00,,0.00,,0.00,,
,,,,,,,,,
,,,,,,,,,
NICKELODEON,Hunter Street,Kids,0.00,,0.00,,0.00,,
NICKELODEON,The Loud House,Kids,0.00,,0.00,,0.00,,
Nickelodeon,Are You Smarter Than a 5th Grader?,Kids,0.00,,0.00,,0.00,,
Nickelodeon,All That,Kids,0.00,,0.00,,0.00,,
,,Nickelodeon,0%,,0%,,0%,,
,,,,,,,,,
OWN,**Ambitions,Drama,0.00,,0.00,,0.00,,
OWN,**David Makes Man,Drama,0.00,,0.00,,0.00,,
OWN,AMBITIONS ,drama,0.00,,0.00,,0.00,,
OWN,TO HAVE & TO HOLD: CHARLOTTE,reality ,0.00,,0.00,,0.00,,
OWN,**Iyanla: Fix My Life,Talk-Show,0.00,,0.00,,0.00,,
OWN,Queen Sugar,Drama,0.00,,0.00,,1.00,Carmen Marrón,
OWN,Black Love Season 4 ,Alternative,0.00,,0.00,,0.00,,
,,OWN,0%,,0%,,1/7= 14.3%,,
,,,,,,,,,
Paramount,MARRIAGE RESCUE ,Alternative,0.00,,0.00,,n/a,,
Paramount,Yellowstone,Drama,0.00,,0.00,,0.00,,
Paramount,Lip Sync Battle,Alternative,0.00,,0.00,,n/a,,
Paramount,Cops,Alternative,0.00,,0.00,,n/a,,
Paramount,THE LAST COWBOY,Alternative,0.00,,0.00,,n/a,,
Paramount,Ink Master,Alternative,1.00,"Dave Navarro (129), Chris Nunez (108)",0.00,,n/a,,
PARAMOUNT,Cops,Alternative,0.00,,0.00,,0.00,,
,,Paramount,,,0%,,,,
,,,,,,,,,
Showtime,**On Becoming a God in Central Florida ,Comedy,1.00, Mel Rodriguez,0.00,,0.00,,
Showtime,City On A Hill,Drama,0.00,,0.00,,1.00,Michael Cuesta (1),
Showtime,**Shangri-La,Docu-series,0.00,,0.00,,0.00,,
Showtime,**Wu-Tang: Of Mics and Men,Docu-series,0.00,,0.00,,0.00,,
Showtime,Our Cartoon President Season 2 ,Comedy,0.00,,0.00,,0.00,,
Showtime,The Loudest Voice,Drama,0.00,,0.00,,0.00,,
Showtime,The Affair,Drama,0.00,,0.00,,0.00,,
,,Showtime,1/7= 14.3 %,,0%,,1/7= 14.3 %,,
,,,,,,,,,
Starz,**The Rook,Drama,0.00,,0.00,,0.00,,
Starz,Power,Drama,0.00,,0.00,,1.00,"Hernan Otano, 
David Rodriguez",
Starz,Vida,Drama,1.00,"Melissa Barrera, Mishel Prada",1.00,Tanya Saracho,1.00,"Catalina Aguilar Mastretta, Nancy C. Mejia",
STARZ,Power Confidential,Alternative,0.00,,0.00,,0.00,,
Starz,Sweetbitter,Drama,0.00,,0.00,,0.00,,
,,,,,,,,,
,,,,,,,,,
TLC,**sMothered,Alternative,0.00,,0.00,,n/a,,
TLC,KATE PLUS DATE,Alternative,0.00,,0.00,,n/a,,
TLC,**90 Day Fiancé: The Other Way,Alternative,0.00,,0.00,,n/a,,
TLC,Outdaughtered,Alternative,0.00,,0.00,,n/a,,
TLC,The Little Couple Season 14 ,Alternative,0.00,,0.00,,n/a,,
TLC,Dr. Pimple Popper,Alternative,0.00,,0.00,,n/a,,
TLC,90 Day Fiance: Before the 90 Days,Alternative,0,,,,n/a,,
TLC,Say Yes to The Dress,Alternative,0,,0,,n/a,,
TLC,Sweet Home Sextuplets,Alternative,0,,0,,n/a,,
TLC,Unexpected,Alternative,1,"Chole Mendoza, Diego Reyes",0,,n/a,,
TLC ,The Family Chantel,Alternative,1,"Pedro Jimeno, Chantel Everett",,,n/a,,
,,TLC,0%,,0%,,0%,,
Travel Channel,**Ripley’s Believe It or Not!,Docu-series,0.00,,0.00,,n/a,,
Travel Channel,Paranormal Survivor,Docu-series,0.00,,0.00,,n/a,,
Travel Channel,America Unearthed,Docu-series,0.00,,0.00,,n/a,,
Travel Channel,Ghost Brothers Season 3,Docu-series,0.00,,0.00,,n/a,,
Travel Channel,Paranormal Survivor Season 5 ,"Docu-series
",0.00,,0.00,,n/a,Juan Diego Garcia (canadian),
Travel Channel,UFOs: The Lost Evidence ,"Docu-series
",0.00,,0.00,,n/a,,
Travel Channel,A Haunting Season 10,"Docu-series
",0.00,,0.00,,n/a,,
Travel Channel,The Dead Files Season 10 ,Drama,0.00,,0.00,,n/a,,
Travel Channel,Mountain Monsters Season 4 ,Alternative,0.00,,0.00,,n/a,,
Travel Channel,Alien Highway,Alternative,0,,0.00,,n/a,,
Travel Channel,Code of the Wild,Alternative,0,,0.00,,n/a,,
Travel Channel,Ghosts of Morgan City,Alternative,0,,n/a,,n/a,,
Travel Channel,Haunted Towns,Alternative,0,,0.00,,n/a,,
Travel Channel,Man V. Food,Alternative,0,,0.00,,n/a,,
Travel Channel,Mountain Monsters,Docu-series,0,,0.00,,n/a,,
Travel Channel,Paranormal Emergency,Drama,0,,n/a,,n/a,,
Travel Channel,Strange World,Reality Series,0,,0.00,,n/a,,
,,,,,,,,,
,,,,,,,,,
USA,**The Radkes,Alternative,0.00,,0.00,,0.00,,
USA,**Growing Up Chrisley,Alternative,0.00,,0.00,,0.00,,
USA,Suits,Drama,0.00,,0.00,,0.00,,
USA,Queen of the South,Drama,1.00,Alice Braga,1.00,"Dailyn Rodriguez, Ben Lobato",1.00,"Eduardo Sánchez, Rebecca Rodriguez, Ben Hernandez Bray, Steve Acevedo, Batan Silva",
USA,**Pearson,Drama,1.00,Gina Torres,0.00,,0.00,,
USA,Chrisley Knows Best,Alternative,0.00,,0.00,,n/a,,n/a
USA,MIz & MRS,Alternative,0.00,,0.00,,n/a,,
USA,Straight Up Steve Austin,Alternative,0.00,,0.00,,n/a,,
,,USA,,,,,,,
,,,,,,,,,
VH1,Black Ink Crew Season 5,Alternative,0.00,,0.00,,0.00,,
VH1,Love & Hip Hop Hollywood Season 6,Alternative,0.00,,0.00,,0.00,,
VH1,Hip Hop Squares Season 5,Alternative,0.00,,0.00,,0.00,,
VH1,Basketball Wives Season 8 ,Alternative,1.00,Evelyn Lozada (NY),0.00,,0.00,,
VH1,Black Ink Crew: Chicago,Alternative,0,,n/a,,0,,
VH1,Black Ink Crew: Compton,Alternative,0,,n/a,,n/a,,
VH1,Girls Cruise,Alternative,0,,0,,0,,
VH1,Love & Listings,Alternative,0,,n/a,,n/a,,
VH1,Nick Cannon's Wild 'N Out,Comedy,0,,0,,0,,
VH1,Scream Resurrection,Drama,0,,0,,0,,
,,VH1,,,,,,,